{
	"credit": "Made with Blockbench",
	"textures": {
		"0": "evmaster:evmaster/staff_texture",
		"1": "evmaster:evmaster/grass_texture",
		"particle": "evmaster:evmaster/staff_texture"
	},
	"elements": [
		{
			"from": [7, 0, 6],
			"to": [9, 19, 8],
			"faces": {
				"north": {"uv": [0, 0, 1, 9.5], "texture": "#0"},
				"east": {"uv": [1, 0, 2, 9.5], "texture": "#0"},
				"south": {"uv": [2, 0, 3, 9.5], "texture": "#0"},
				"west": {"uv": [3, 0, 4, 9.5], "texture": "#0"},
				"up": {"uv": [6.5, 3.5, 5.5, 2.5], "texture": "#0"},
				"down": {"uv": [6.5, 3.5, 5.5, 4.5], "texture": "#0"}
			}
		},
		{
			"from": [4, 17, 7],
			"to": [7, 22, 7],
			"faces": {
				"north": {"uv": [4, 0, 5.5, 2.5], "texture": "#0"},
				"east": {"uv": [0, 0, 0, 2.5], "texture": "#0"},
				"south": {"uv": [4, 2.5, 5.5, 5], "texture": "#0"},
				"west": {"uv": [0, 0, 0, 2.5], "texture": "#0"},
				"up": {"uv": [1.5, 0, 0, 0], "texture": "#0"},
				"down": {"uv": [1.5, 0, 0, 0], "texture": "#0"}
			}
		},
		{
			"from": [9, 17, 7],
			"to": [12, 22, 7],
			"faces": {
				"north": {"uv": [4, 5, 5.5, 7.5], "texture": "#0"},
				"east": {"uv": [0, 0, 0, 2.5], "texture": "#0"},
				"south": {"uv": [5.5, 0, 7, 2.5], "texture": "#0"},
				"west": {"uv": [0, 0, 0, 2.5], "texture": "#0"},
				"up": {"uv": [1.5, 0, 0, 0], "texture": "#0"},
				"down": {"uv": [1.5, 0, 0, 0], "texture": "#0"}
			}
		},
		{
			"from": [4, 21, 8.5],
			"to": [6, 25, 10.5],
			"rotation": {"angle": 22.5, "axis": "y", "origin": [0, 0, 0.5]},
			"faces": {
				"north": {"uv": [2, 4, 4, 8], "texture": "#1"},
				"east": {"uv": [4, 4, 6, 8], "texture": "#1"},
				"south": {"uv": [6, 0, 8, 4], "texture": "#1"},
				"west": {"uv": [6, 4, 8, 8], "texture": "#1"},
				"up": {"uv": [4, 10, 2, 8], "texture": "#1"},
				"down": {"uv": [10, 2, 8, 4], "texture": "#1"}
			}
		},
		{
			"from": [9, 21, 2.5],
			"to": [11, 25, 4.5],
			"rotation": {"angle": -22.5, "axis": "y", "origin": [0, 0, 0.5]},
			"faces": {
				"north": {"uv": [0, 0, 2, 4], "texture": "#1"},
				"east": {"uv": [2, 0, 4, 4], "texture": "#1"},
				"south": {"uv": [0, 4, 2, 8], "texture": "#1"},
				"west": {"uv": [4, 0, 6, 4], "texture": "#1"},
				"up": {"uv": [2, 10, 0, 8], "texture": "#1"},
				"down": {"uv": [10, 0, 8, 2], "texture": "#1"}
			}
		}
	],
	"display": {
		"thirdperson_righthand": {
			"translation": [0, -2, 2.25]
		},
		"thirdperson_lefthand": {
			"translation": [0, -2, 2.5]
		},
		"firstperson_righthand": {
			"rotation": [-15, 0, 0]
		},
		"firstperson_lefthand": {
			"translation": [7.5, 0, 0]
		},
		"ground": {
			"rotation": [90, 0, 0],
			"translation": [0, 0, -1.25],
			"scale": [0.5, 0.5, 0.5]
		},
		"gui": {
			"rotation": [0, 0, 47.25],
			"translation": [2.5, -2.75, 0],
			"scale": [0.7, 0.7, 0.7]
		},
		"head": {
			"rotation": [-180, 90, -90],
			"translation": [1, 0, -22.25],
			"scale": [2.55273, 1, 1]
		},
		"fixed": {
			"translation": [0, -3, 0],
			"scale": [0.7, 0.7, 0.7]
		}
	},
	"groups": [
		0,
		1,
		2,
		{
			"name": "magma",
			"origin": [0, 0, 0],
			"color": 0,
			"nbt": "{}",
			"armAnimationEnabled": false,
			"children": [3, 4]
		}
	]
}