{
    "parent": "minecraft:item/generated",
    "textures": {
      "layer0": "minecraft:item/totem_of_undying"
    },

    "overrides": [
     { "predicate": {"custom_model_data": 1000001}, "model": "evmaster:item/strength_totem_of_undying"},
     { "predicate": {"custom_model_data": 1000002}, "model": "evmaster:item/regen_totem_of_undying"},
     { "predicate": {"custom_model_data": 1000003}, "model": "evmaster:item/speed_totem_of_undying"},
     { "predicate": {"custom_model_data": 1000004}, "model": "evmaster:item/water_totem_of_undying"},
     { "predicate": {"custom_model_data": 1000005}, "model": "evmaster:item/night_totem_of_undying"},
     { "predicate": {"custom_model_data": 1000006}, "model": "evmaster:item/jump_totem_of_undying"},
     { "predicate": {"custom_model_data": 1000007}, "model": "evmaster:item/hero_totem_of_undying"},
     { "predicate": {"custom_model_data": 1000008}, "model": "evmaster:item/invis_totem_of_undying"},
     { "predicate": {"custom_model_data": 1000009}, "model": "evmaster:item/empty"}
    ]

   }
